<?xml version="1.0" encoding="UTF-8"?>
<metadata modelVersion="1.1.0">
  <groupId>com.yiqiniu.common</groupId>
  <artifactId>yiqiniu-common</artifactId>
  <version>0.0.2-SNAPSHOT</version>
  <versioning>
    <snapshot>
      <timestamp>20150530.100557</timestamp>
      <buildNumber>81</buildNumber>
    </snapshot>
    <lastUpdated>20150530100557</lastUpdated>
    <snapshotVersions>
      <snapshotVersion>
        <extension>jar</extension>
        <value>0.0.2-20150530.100557-81</value>
        <updated>20150530100557</updated>
      </snapshotVersion>
      <snapshotVersion>
        <extension>pom</extension>
        <value>0.0.2-20150530.100557-81</value>
        <updated>20150530100557</updated>
      </snapshotVersion>
      <snapshotVersion>
        <classifier>sources</classifier>
        <extension>jar</extension>
        <value>0.0.2-20150411.070330-44</value>
        <updated>20150411070330</updated>
      </snapshotVersion>
    </snapshotVersions>
  </versioning>
</metadata>
