<?xml version="1.0" encoding="UTF-8"?>
<metadata modelVersion="1.1.0">
  <groupId>com.yiqiniu.common</groupId>
  <artifactId>yiqiniu-common</artifactId>
  <version>0.0.5-SNAPSHOT</version>
  <versioning>
    <snapshot>
      <timestamp>20160128.104023</timestamp>
      <buildNumber>3</buildNumber>
    </snapshot>
    <lastUpdated>20160128104023</lastUpdated>
    <snapshotVersions>
      <snapshotVersion>
        <extension>jar</extension>
        <value>0.0.5-20160128.104023-3</value>
        <updated>20160128104023</updated>
      </snapshotVersion>
      <snapshotVersion>
        <extension>pom</extension>
        <value>0.0.5-20160128.104023-3</value>
        <updated>20160128104023</updated>
      </snapshotVersion>
      <snapshotVersion>
        <classifier>sources</classifier>
        <extension>jar</extension>
        <value>0.0.5-20160128.104023-3</value>
        <updated>20160128104023</updated>
      </snapshotVersion>
    </snapshotVersions>
  </versioning>
</metadata>
