<?xml version="1.0" encoding="UTF-8"?>
<metadata modelVersion="1.1.0">
  <groupId>com.yiqiniu.common</groupId>
  <artifactId>yiqiniu-common</artifactId>
  <version>0.0.4-SNAPSHOT</version>
  <versioning>
    <snapshot>
      <timestamp>20150921.020338</timestamp>
      <buildNumber>5</buildNumber>
    </snapshot>
    <lastUpdated>20150921020338</lastUpdated>
    <snapshotVersions>
      <snapshotVersion>
        <extension>jar</extension>
        <value>0.0.4-20150921.020338-5</value>
        <updated>20150921020338</updated>
      </snapshotVersion>
      <snapshotVersion>
        <extension>pom</extension>
        <value>0.0.4-20150921.020338-5</value>
        <updated>20150921020338</updated>
      </snapshotVersion>
      <snapshotVersion>
        <classifier>sources</classifier>
        <extension>jar</extension>
        <value>0.0.4-20150921.020338-5</value>
        <updated>20150921020338</updated>
      </snapshotVersion>
    </snapshotVersions>
  </versioning>
</metadata>
