<?xml version="1.0" encoding="UTF-8"?>
<metadata modelVersion="1.1.0">
  <groupId>com.yiqiniu.common</groupId>
  <artifactId>yiqiniu-common</artifactId>
  <version>0.0.4-SNAPSHOT</version>
  <versioning>
    <snapshot>
      <timestamp>20160303.024813</timestamp>
      <buildNumber>1</buildNumber>
    </snapshot>
    <lastUpdated>20160303024813</lastUpdated>
    <snapshotVersions>
      <snapshotVersion>
        <extension>jar</extension>
        <value>0.0.4-20160303.024813-1</value>
        <updated>20160303024813</updated>
      </snapshotVersion>
      <snapshotVersion>
        <extension>pom</extension>
        <value>0.0.4-20160303.024813-1</value>
        <updated>20160303024813</updated>
      </snapshotVersion>
    </snapshotVersions>
  </versioning>
</metadata>
