<?xml version="1.0" encoding="UTF-8"?>
<metadata modelVersion="1.1.0">
  <groupId>com.yiqiniu.common</groupId>
  <artifactId>yiqiniu-common</artifactId>
  <version>0.0.1-SNAPSHOT</version>
  <versioning>
    <snapshot>
      <timestamp>20150203.021533</timestamp>
      <buildNumber>36</buildNumber>
    </snapshot>
    <lastUpdated>20150203021533</lastUpdated>
    <snapshotVersions>
      <snapshotVersion>
        <extension>jar</extension>
        <value>0.0.1-20150203.021533-36</value>
        <updated>20150203021533</updated>
      </snapshotVersion>
      <snapshotVersion>
        <extension>pom</extension>
        <value>0.0.1-20150203.021533-36</value>
        <updated>20150203021533</updated>
      </snapshotVersion>
      <snapshotVersion>
        <classifier>sources</classifier>
        <extension>jar</extension>
        <value>0.0.1-20150203.021533-36</value>
        <updated>20150203021533</updated>
      </snapshotVersion>
    </snapshotVersions>
  </versioning>
</metadata>
