<?xml version="1.0" encoding="UTF-8"?>
<metadata modelVersion="1.1.0">
  <groupId>com.yiqiniu.netty.server</groupId>
  <artifactId>yiqiniu-netty-server</artifactId>
  <version>0.0.3-SNAPSHOT</version>
  <versioning>
    <snapshot>
      <timestamp>20150731.093627</timestamp>
      <buildNumber>6</buildNumber>
    </snapshot>
    <lastUpdated>20150731093627</lastUpdated>
    <snapshotVersions>
      <snapshotVersion>
        <extension>jar</extension>
        <value>0.0.3-20150731.093627-6</value>
        <updated>20150731093627</updated>
      </snapshotVersion>
      <snapshotVersion>
        <extension>pom</extension>
        <value>0.0.3-20150731.093627-6</value>
        <updated>20150731093627</updated>
      </snapshotVersion>
      <snapshotVersion>
        <classifier>sources</classifier>
        <extension>jar</extension>
        <value>0.0.3-20150731.093627-6</value>
        <updated>20150731093627</updated>
      </snapshotVersion>
    </snapshotVersions>
  </versioning>
</metadata>
