<?xml version="1.0" encoding="UTF-8"?>
<metadata modelVersion="1.1.0">
  <groupId>com.yiqiniu.common</groupId>
  <artifactId>yiqiniu-common</artifactId>
  <version>0.0.3-SNAPSHOT</version>
  <versioning>
    <snapshot>
      <timestamp>20150727.121808</timestamp>
      <buildNumber>12</buildNumber>
    </snapshot>
    <lastUpdated>20150727121808</lastUpdated>
    <snapshotVersions>
      <snapshotVersion>
        <extension>jar</extension>
        <value>0.0.3-20150727.121808-12</value>
        <updated>20150727121808</updated>
      </snapshotVersion>
      <snapshotVersion>
        <extension>pom</extension>
        <value>0.0.3-20150727.121808-12</value>
        <updated>20150727121808</updated>
      </snapshotVersion>
      <snapshotVersion>
        <classifier>sources</classifier>
        <extension>jar</extension>
        <value>0.0.3-20150727.121808-12</value>
        <updated>20150727121808</updated>
      </snapshotVersion>
    </snapshotVersions>
  </versioning>
</metadata>
