<?xml version="1.0" encoding="UTF-8"?>
<metadata modelVersion="1.1.0">
  <groupId>com.yiqiniu</groupId>
  <artifactId>yiqiniu-common-api</artifactId>
  <version>0.0.1-SNAPSHOT</version>
  <versioning>
    <snapshot>
      <timestamp>20160401.093908</timestamp>
      <buildNumber>8</buildNumber>
    </snapshot>
    <lastUpdated>20160401093908</lastUpdated>
    <snapshotVersions>
      <snapshotVersion>
        <extension>jar</extension>
        <value>0.0.1-20160401.093908-8</value>
        <updated>20160401093908</updated>
      </snapshotVersion>
      <snapshotVersion>
        <extension>pom</extension>
        <value>0.0.1-20160401.093908-8</value>
        <updated>20160401093908</updated>
      </snapshotVersion>
    </snapshotVersions>
  </versioning>
</metadata>
