<?xml version="1.0" encoding="UTF-8"?>
<metadata modelVersion="1.1.0">
  <groupId>com.yiqiniu.netty.server</groupId>
  <artifactId>yiqiniu-netty-server</artifactId>
  <version>0.0.4-SNAPSHOT</version>
  <versioning>
    <snapshot>
      <timestamp>20150923.055454</timestamp>
      <buildNumber>17</buildNumber>
    </snapshot>
    <lastUpdated>20150923055454</lastUpdated>
    <snapshotVersions>
      <snapshotVersion>
        <extension>jar</extension>
        <value>0.0.4-20150923.055454-17</value>
        <updated>20150923055454</updated>
      </snapshotVersion>
      <snapshotVersion>
        <extension>pom</extension>
        <value>0.0.4-20150923.055454-17</value>
        <updated>20150923055454</updated>
      </snapshotVersion>
      <snapshotVersion>
        <classifier>sources</classifier>
        <extension>jar</extension>
        <value>0.0.4-20150923.055454-17</value>
        <updated>20150923055454</updated>
      </snapshotVersion>
    </snapshotVersions>
  </versioning>
</metadata>
